study,dataset,family,rule,grid_size,seed,candidate,method,settings,selection_as_of,evaluation_as_of,history_mean_rmse,n_targets,n_observed,rmse,reason,paper_rmse,difference_from_paper
published,swiss,cl,baseline,40,,basic_cl,cl,"{""average"": ""volume"", ""decay"": null, ""drop_high"": false, ""drop_low"": false, ""exclude"": [], ""exhausted_exclusions"": ""keep"", ""expected_loss_ratio"": null, ""history_periods"": null, ""horizon"": 240, ""method"": ""cl"", ""unsupported_factor"": ""unity""}",1997-12-31,2016-12-31,,19,19,669.6875091720755,,669.69,-0.0024908279245892118
published,swiss,cl,ave,40,,cl_w11_h1_l0,cl,"{""average"": ""volume"", ""decay"": null, ""drop_high"": true, ""drop_low"": false, ""exclude"": [], ""exhausted_exclusions"": ""keep"", ""expected_loss_ratio"": null, ""history_periods"": 11, ""horizon"": 240, ""method"": ""cl"", ""unsupported_factor"": ""unity""}",1997-12-31,2016-12-31,511.69200033534594,19,19,707.8074727523444,,675.38,32.42747275234444
published,swiss,cl,cdr,40,,cl_w12_h1_l0,cl,"{""average"": ""volume"", ""decay"": null, ""drop_high"": true, ""drop_low"": false, ""exclude"": [], ""exhausted_exclusions"": ""keep"", ""expected_loss_ratio"": null, ""history_periods"": 12, ""horizon"": 240, ""method"": ""cl"", ""unsupported_factor"": ""unity""}",1997-12-31,2016-12-31,620.2155221620792,19,19,725.6314036218786,,617.81,107.82140362187863
published,swiss,bf,baseline,840,,basic_bf,bf,"{""average"": ""volume"", ""decay"": null, ""drop_high"": false, ""drop_low"": false, ""exclude"": [], ""exhausted_exclusions"": ""keep"", ""expected_loss_ratio"": 0.6, ""history_periods"": null, ""horizon"": 240, ""method"": ""bf"", ""unsupported_factor"": ""unity""}",1997-12-31,2016-12-31,,19,19,576.3755285768314,,576.38,-0.0044714231686384664
published,swiss,bf,ave,840,,bf_w15_h1_l0_lr0.58,bf,"{""average"": ""volume"", ""decay"": null, ""drop_high"": true, ""drop_low"": false, ""exclude"": [], ""exhausted_exclusions"": ""keep"", ""expected_loss_ratio"": 0.58, ""history_periods"": 15, ""horizon"": 240, ""method"": ""bf"", ""unsupported_factor"": ""unity""}",1997-12-31,2016-12-31,473.02427279733325,19,19,620.6196290715286,,537.27,83.34962907152862
published,swiss,bf,cdr,840,,bf_w14_h1_l0_lr0.58,bf,"{""average"": ""volume"", ""decay"": null, ""drop_high"": true, ""drop_low"": false, ""exclude"": [], ""exhausted_exclusions"": ""keep"", ""expected_loss_ratio"": 0.58, ""history_periods"": 14, ""horizon"": 240, ""method"": ""bf"", ""unsupported_factor"": ""unity""}",1997-12-31,2016-12-31,486.55950999957633,19,19,620.0014538185493,,527.9,92.10145381854932
published,swiss,gcc,baseline,840,,basic_gcc,gcc,"{""average"": ""volume"", ""decay"": 0.75, ""drop_high"": false, ""drop_low"": false, ""exclude"": [], ""exhausted_exclusions"": ""keep"", ""expected_loss_ratio"": null, ""history_periods"": null, ""horizon"": 240, ""method"": ""gcc"", ""unsupported_factor"": ""unity""}",1997-12-31,2016-12-31,,19,19,604.2658410348694,,604.27,-0.0041589651306139785
published,swiss,gcc,ave,840,,gcc_w15_h1_l1_g0.90,gcc,"{""average"": ""volume"", ""decay"": 0.9, ""drop_high"": true, ""drop_low"": true, ""exclude"": [], ""exhausted_exclusions"": ""keep"", ""expected_loss_ratio"": null, ""history_periods"": 15, ""horizon"": 240, ""method"": ""gcc"", ""unsupported_factor"": ""unity""}",1997-12-31,2016-12-31,508.0903759340955,19,19,506.24063156753135,,670.69,-164.4493684324687
published,swiss,gcc,cdr,840,,gcc_w12_h1_l0_g0.85,gcc,"{""average"": ""volume"", ""decay"": 0.85, ""drop_high"": true, ""drop_low"": false, ""exclude"": [], ""exhausted_exclusions"": ""keep"", ""expected_loss_ratio"": null, ""history_periods"": 12, ""horizon"": 240, ""method"": ""gcc"", ""unsupported_factor"": ""unity""}",1997-12-31,2016-12-31,562.735349735794,19,19,617.729340817242,,580.21,37.51934081724198
published,liability,all,baseline,2924,,basic_gcc,gcc,"{""average"": ""volume"", ""decay"": 0.75, ""drop_high"": false, ""drop_low"": false, ""exclude"": [], ""exhausted_exclusions"": ""keep"", ""expected_loss_ratio"": null, ""history_periods"": null, ""horizon"": 63, ""method"": ""gcc"", ""unsupported_factor"": ""unity""}",2014-12-31,2019-12-31,,20,20,3170.3609140640074,,3170.88,-0.5190859359927344
published,liability,all,ave,2924,,bf_w5_h0_l0_lr0.50,bf,"{""average"": ""volume"", ""decay"": null, ""drop_high"": false, ""drop_low"": false, ""exclude"": [], ""exhausted_exclusions"": ""keep"", ""expected_loss_ratio"": 0.5, ""history_periods"": 5, ""horizon"": 63, ""method"": ""bf"", ""unsupported_factor"": ""unity""}",2014-12-31,2019-12-31,1151.657143967114,20,20,2404.2258566529463,,2552.39,-148.1641433470536
published,liability,all,cdr,2924,,gcc_w5_h1_l0_g1.00,gcc,"{""average"": ""volume"", ""decay"": 1.0, ""drop_high"": true, ""drop_low"": false, ""exclude"": [], ""exhausted_exclusions"": ""keep"", ""expected_loss_ratio"": null, ""history_periods"": 5, ""horizon"": 63, ""method"": ""gcc"", ""unsupported_factor"": ""unity""}",2014-12-31,2019-12-31,1270.342900829996,20,20,4226.305383022483,,2893.23,1333.0753830224826
published,property,all,baseline,2924,,basic_gcc,gcc,"{""average"": ""volume"", ""decay"": 0.75, ""drop_high"": false, ""drop_low"": false, ""exclude"": [], ""exhausted_exclusions"": ""keep"", ""expected_loss_ratio"": null, ""history_periods"": null, ""horizon"": 63, ""method"": ""gcc"", ""unsupported_factor"": ""unity""}",2014-12-31,2019-12-31,,20,20,638.7799715101582,,638.38,0.3999715101582524
published,property,all,ave,2924,,cl_w5_h0_l1,cl,"{""average"": ""volume"", ""decay"": null, ""drop_high"": false, ""drop_low"": true, ""exclude"": [], ""exhausted_exclusions"": ""keep"", ""expected_loss_ratio"": null, ""history_periods"": 5, ""horizon"": 63, ""method"": ""cl"", ""unsupported_factor"": ""unity""}",2014-12-31,2019-12-31,2084.1022027604417,20,20,1471.661359501209,,626.73,844.931359501209
published,property,all,cdr,2924,,gcc_w7_h0_l1_g0.05,gcc,"{""average"": ""volume"", ""decay"": 0.05, ""drop_high"": false, ""drop_low"": true, ""exclude"": [], ""exhausted_exclusions"": ""keep"", ""expected_loss_ratio"": null, ""history_periods"": 7, ""horizon"": 63, ""method"": ""gcc"", ""unsupported_factor"": ""unity""}",2014-12-31,2019-12-31,2054.189370960475,20,20,999.9977902923691,,794.65,205.34779029236915
