dataset,op,impl,rows_in,repeat,warmup_s,min_s,median_s,mean_s
1e5,construct,ibnr[duckdb],100440,3,0.91675,0.144475,0.154458,0.155754
1e5,construct,ibnr[polars],100440,3,0.552497,0.04606,0.050081,0.049952
1e5,construct,chainladder,100440,3,0.181163,0.150615,0.176131,0.173667
1e5,to_incremental,ibnr[duckdb],100440,3,0.11106,0.098266,0.114846,0.114914
1e5,to_incremental,ibnr[polars],100440,3,0.069162,0.031728,0.03653,0.035324
1e5,to_incremental,chainladder,100440,3,0.020234,0.014069,0.014498,0.015035
1e5,as_of_slice,ibnr[duckdb],100440,3,0.062381,0.046859,0.054588,0.052632
1e5,as_of_slice,ibnr[polars],100440,3,0.027668,0.021923,0.030976,0.030335
1e5,as_of_slice,chainladder,100440,3,0.011258,0.006439,0.007017,0.007657
1e5,latest_diagonal,ibnr[duckdb],100440,3,0.093796,0.135861,0.145492,0.144707
1e5,latest_diagonal,ibnr[polars],100440,3,0.04632,0.045632,0.047463,0.047243
1e5,latest_diagonal,chainladder,100440,3,0.015937,0.005481,0.010431,0.009634
1e5,aggregate_by_lob,ibnr[duckdb],100440,3,0.026336,0.015488,0.017528,0.019322
1e5,aggregate_by_lob,ibnr[polars],100440,3,0.008855,0.009672,0.010323,0.010216
1e5,aggregate_by_lob,chainladder,100440,3,0.012722,0.009063,0.011624,0.011569
3e5,construct,ibnr[duckdb],299925,3,0.187879,0.160843,0.171941,0.172816
3e5,construct,ibnr[polars],299925,3,0.084253,0.062445,0.071365,0.069788
3e5,construct,chainladder,299925,3,0.495471,0.386777,0.388732,0.410608
3e5,to_incremental,ibnr[duckdb],299925,3,0.199453,0.198764,0.204832,0.209228
3e5,to_incremental,ibnr[polars],299925,3,0.120152,0.131042,0.153184,0.147818
3e5,to_incremental,chainladder,299925,3,0.036909,0.036997,0.038987,0.038893
3e5,as_of_slice,ibnr[duckdb],299925,3,0.085091,0.075538,0.093101,0.08996
3e5,as_of_slice,ibnr[polars],299925,3,0.040606,0.043406,0.053557,0.05106
3e5,as_of_slice,chainladder,299925,3,0.015654,0.010125,0.014272,0.01297
3e5,latest_diagonal,ibnr[duckdb],299925,3,0.144251,0.190784,0.21102,0.222787
3e5,latest_diagonal,ibnr[polars],299925,3,0.084463,0.078352,0.087153,0.086288
3e5,latest_diagonal,chainladder,299925,3,0.036232,0.017831,0.020822,0.02082
3e5,aggregate_by_lob,ibnr[duckdb],299925,3,0.026408,0.01899,0.022399,0.02164
3e5,aggregate_by_lob,ibnr[polars],299925,3,0.012583,0.010169,0.012869,0.013891
3e5,aggregate_by_lob,chainladder,299925,3,0.048694,0.035424,0.043535,0.044358
1e6,construct,ibnr[duckdb],1000215,3,0.492514,0.439755,0.462072,0.470529
1e6,construct,ibnr[polars],1000215,3,0.236825,0.225553,0.227407,0.237262
1e6,construct,chainladder,1000215,3,1.596328,1.540824,1.553324,1.588488
1e6,to_incremental,ibnr[duckdb],1000215,3,0.564168,0.510852,0.528454,0.526058
1e6,to_incremental,ibnr[polars],1000215,3,0.267468,0.23707,0.249494,0.248323
1e6,to_incremental,chainladder,1000215,3,0.114161,0.114692,0.116849,0.118989
1e6,as_of_slice,ibnr[duckdb],1000215,3,0.235226,0.264756,0.287024,0.285037
1e6,as_of_slice,ibnr[polars],1000215,3,0.153051,0.128783,0.148882,0.143447
1e6,as_of_slice,chainladder,1000215,3,0.043731,0.033381,0.056159,0.04912
1e6,latest_diagonal,ibnr[duckdb],1000215,3,0.443475,0.392851,0.401454,0.447168
1e6,latest_diagonal,ibnr[polars],1000215,3,0.278209,0.237235,0.274791,0.275355
1e6,latest_diagonal,chainladder,1000215,3,0.075702,0.047826,0.04853,0.05074
1e6,aggregate_by_lob,ibnr[duckdb],1000215,3,0.033589,0.024371,0.027481,0.026893
1e6,aggregate_by_lob,ibnr[polars],1000215,3,0.035256,0.023525,0.026926,0.027188
1e6,aggregate_by_lob,chainladder,1000215,3,0.081082,0.066848,0.069601,0.071506
3e6,construct,ibnr[duckdb],3000645,3,1.437845,1.291998,1.314913,1.349284
3e6,construct,ibnr[polars],3000645,3,0.732778,0.656783,0.667757,0.665739
3e6,construct,chainladder,3000645,3,4.532448,4.46061,4.552787,4.587413
3e6,to_incremental,ibnr[duckdb],3000645,3,1.711013,1.547885,1.612074,1.596028
3e6,to_incremental,ibnr[polars],3000645,3,0.766061,0.732177,0.790756,0.778362
3e6,to_incremental,chainladder,3000645,3,0.335732,0.319018,0.320357,0.321522
3e6,as_of_slice,ibnr[duckdb],3000645,3,0.87818,0.779778,0.813264,0.826073
3e6,as_of_slice,ibnr[polars],3000645,3,0.319122,0.325997,0.328644,0.32927
3e6,as_of_slice,chainladder,3000645,3,0.087614,0.074019,0.080644,0.080642
3e6,latest_diagonal,ibnr[duckdb],3000645,3,1.2804,1.308337,1.619031,1.544891
3e6,latest_diagonal,ibnr[polars],3000645,3,0.848284,0.827677,0.860962,0.853293
3e6,latest_diagonal,chainladder,3000645,3,0.147459,0.140574,0.140794,0.141093
3e6,aggregate_by_lob,ibnr[duckdb],3000645,3,0.047597,0.043607,0.045413,0.046766
3e6,aggregate_by_lob,ibnr[polars],3000645,3,0.093133,0.076791,0.079316,0.078492
3e6,aggregate_by_lob,chainladder,3000645,3,0.200587,0.183756,0.187107,0.187013
1e7,construct,ibnr[duckdb],9999360,3,4.57465,4.177676,4.674211,4.539553
1e7,construct,ibnr[polars],9999360,3,3.297336,2.37561,3.448637,3.096732
1e7,construct,chainladder,9999360,1,18.600493,21.027789,21.027789,21.027789
1e7,to_incremental,ibnr[duckdb],9999360,3,5.787973,6.022879,6.346437,6.27131
1e7,to_incremental,ibnr[polars],9999360,3,2.660421,2.469448,2.532767,2.558599
1e7,to_incremental,chainladder,9999360,3,1.412753,1.141801,1.152929,1.167817
1e7,as_of_slice,ibnr[duckdb],9999360,3,3.296911,2.947589,3.195427,3.169668
1e7,as_of_slice,ibnr[polars],9999360,3,1.220306,1.152734,1.170626,1.174534
1e7,as_of_slice,chainladder,9999360,3,0.286878,0.273417,0.281471,0.284632
1e7,latest_diagonal,ibnr[duckdb],9999360,3,9.451418,11.114933,13.356991,13.139758
1e7,latest_diagonal,ibnr[polars],9999360,3,3.092082,2.987839,3.010052,3.031624
1e7,latest_diagonal,chainladder,9999360,3,0.528131,0.503004,0.516996,0.523135
1e7,aggregate_by_lob,ibnr[duckdb],9999360,3,0.088797,0.082866,0.108242,0.100246
1e7,aggregate_by_lob,ibnr[polars],9999360,3,0.286773,0.222303,0.232615,0.23292
1e7,aggregate_by_lob,chainladder,9999360,3,0.633918,0.652604,0.685684,0.678701
