model,line,company_code,estimate,outcome,se,cv,percentile,crps,seconds,anchor,premium,mart_publish_id,loss_field
chain_ladder,commercial_auto,10022,6134.859761950111,5829.0,,,,,,4807.0,12090.0,20260613_041006,paid_loss
chain_ladder,private_passenger_auto,10022,64241.859180247586,63561.0,,,,,,58117.0,74078.0,20260613_041006,paid_loss
chain_ladder,ALL,10022,70376.7189421977,69390.0,,,,,,62924.0,86168.0,20260613_041006,paid_loss
chain_ladder,commercial_auto,1066,72428.85243476687,63022.0,,,,,,57753.0,96880.0,20260613_041006,paid_loss
chain_ladder,private_passenger_auto,1066,217308.75655865396,213794.0,,,,,,192462.0,314145.0,20260613_041006,paid_loss
chain_ladder,workers_compensation,1066,127767.59739050348,122593.0,,,,,,112532.0,164562.0,20260613_041006,paid_loss
chain_ladder,ALL,1066,417505.20638392435,399409.0,,,,,,362747.0,575587.0,20260613_041006,paid_loss
chain_ladder,commercial_auto,1090,20507.819135435708,21354.0,,,,,,17880.0,34665.0,20260613_041006,paid_loss
chain_ladder,private_passenger_auto,1090,1095553.5688911912,1083616.0,,,,,,969159.0,1295968.0,20260613_041006,paid_loss
chain_ladder,ALL,1090,1116061.3880266268,1104970.0,,,,,,987039.0,1330633.0,20260613_041006,paid_loss
chain_ladder,workers_compensation,11126,141296.43595347335,143876.0,,,,,,119274.0,207371.0,20260613_041006,paid_loss
chain_ladder,other_liability,11126,21359.715928249614,20166.0,,,,,,14161.0,74255.0,20260613_041006,paid_loss
chain_ladder,ALL,11126,162656.15188172297,164042.0,,,,,,133435.0,281626.0,20260613_041006,paid_loss
chain_ladder,workers_compensation,1252,23117.024948223465,22796.0,,,,,,19144.0,34226.0,20260613_041006,paid_loss
chain_ladder,other_liability,1252,9867.174081754863,9723.0,,,,,,7795.0,20554.0,20260613_041006,paid_loss
chain_ladder,ALL,1252,32984.19902997833,32519.0,,,,,,26939.0,54780.0,20260613_041006,paid_loss
chain_ladder,commercial_auto,13439,3787.2943626161045,3667.0,,,,,,3025.0,6305.0,20260613_041006,paid_loss
chain_ladder,private_passenger_auto,13439,36874.91748101747,36223.0,,,,,,30429.0,55117.0,20260613_041006,paid_loss
chain_ladder,workers_compensation,13439,6395.441582282639,5637.0,,,,,,5076.0,11286.0,20260613_041006,paid_loss
chain_ladder,ALL,13439,47057.65342591622,45527.0,,,,,,38530.0,72708.0,20260613_041006,paid_loss
chain_ladder,private_passenger_auto,13501,101102.14198671529,99976.0,,,,,,88582.0,132076.0,20260613_041006,paid_loss
chain_ladder,workers_compensation,13501,3500.4397271190437,5299.0,,,,,,3254.0,8967.0,20260613_041006,paid_loss
chain_ladder,other_liability,13501,2136.9599943872313,2509.0,,,,,,1556.0,7339.0,20260613_041006,paid_loss
chain_ladder,ALL,13501,106739.54170822156,107784.0,,,,,,93392.0,148382.0,20260613_041006,paid_loss
chain_ladder,commercial_auto,13528,19853.92405427055,19930.0,,,,,,16417.0,25863.0,20260613_041006,paid_loss
chain_ladder,private_passenger_auto,13528,5818.977795153883,4739.0,,,,,,4607.0,5963.0,20260613_041006,paid_loss
chain_ladder,workers_compensation,13528,27607.706304963813,26482.0,,,,,,22411.0,56067.0,20260613_041006,paid_loss
chain_ladder,ALL,13528,53280.60815438825,51151.0,,,,,,43435.0,87893.0,20260613_041006,paid_loss
chain_ladder,commercial_auto,13641,8080.936972826111,8590.0,,,,,,7722.0,12780.0,20260613_041006,paid_loss
chain_ladder,private_passenger_auto,13641,74147.05753276529,70599.0,,,,,,62426.0,84367.0,20260613_041006,paid_loss
chain_ladder,ALL,13641,82227.9945055914,79189.0,,,,,,70148.0,97147.0,20260613_041006,paid_loss
chain_ladder,commercial_auto,13889,1836.4310089911746,2100.0,,,,,,1575.0,6478.0,20260613_041006,paid_loss
chain_ladder,private_passenger_auto,13889,114167.24415047592,113768.0,,,,,,97623.0,153295.0,20260613_041006,paid_loss
chain_ladder,ALL,13889,116003.6751594671,115868.0,,,,,,99198.0,159773.0,20260613_041006,paid_loss
chain_ladder,commercial_auto,14044,5769.607777476577,5403.0,,,,,,5094.0,8864.0,20260613_041006,paid_loss
chain_ladder,private_passenger_auto,14044,36623.168318903845,36628.0,,,,,,33307.0,52943.0,20260613_041006,paid_loss
chain_ladder,other_liability,14044,4750.2999827154235,4787.0,,,,,,4000.0,10897.0,20260613_041006,paid_loss
chain_ladder,ALL,14044,47143.076079095845,46818.0,,,,,,42401.0,72704.0,20260613_041006,paid_loss
chain_ladder,commercial_auto,14176,24130.355714900037,21764.0,,,,,,16345.0,38399.0,20260613_041006,paid_loss
chain_ladder,private_passenger_auto,14176,142994.1158047642,138457.0,,,,,,115825.0,188477.0,20260613_041006,paid_loss
chain_ladder,workers_compensation,14176,112135.9934217844,106986.0,,,,,,89511.0,190543.0,20260613_041006,paid_loss
chain_ladder,other_liability,14176,4963.847295941749,4744.0,,,,,,3813.0,13525.0,20260613_041006,paid_loss
chain_ladder,ALL,14176,284224.3122373904,271951.0,,,,,,225494.0,430944.0,20260613_041006,paid_loss
chain_ladder,commercial_auto,14257,6309.146751842716,6874.0,,,,,,5706.0,11424.0,20260613_041006,paid_loss
chain_ladder,private_passenger_auto,14257,115904.7209938535,115643.0,,,,,,103737.0,151272.0,20260613_041006,paid_loss
chain_ladder,other_liability,14257,31699.809178434673,31440.0,,,,,,28131.0,53121.0,20260613_041006,paid_loss
chain_ladder,ALL,14257,153913.67692413088,153957.0,,,,,,137574.0,215817.0,20260613_041006,paid_loss
chain_ladder,commercial_auto,14311,7587.81142914153,7686.0,,,,,,6084.0,13923.0,20260613_041006,paid_loss
chain_ladder,private_passenger_auto,14311,136831.9903886325,128523.0,,,,,,97434.0,140359.0,20260613_041006,paid_loss
chain_ladder,ALL,14311,144419.80181777402,136209.0,,,,,,103518.0,154282.0,20260613_041006,paid_loss
chain_ladder,commercial_auto,14320,1726.7747976559579,1830.0,,,,,,1478.0,6020.0,20260613_041006,paid_loss
chain_ladder,workers_compensation,14320,11005.652109696086,11391.0,,,,,,9459.0,13697.0,20260613_041006,paid_loss
chain_ladder,ALL,14320,12732.426907352045,13221.0,,,,,,10937.0,19717.0,20260613_041006,paid_loss
chain_ladder,commercial_auto,14508,10856.872496739286,11802.0,,,,,,9856.0,20264.0,20260613_041006,paid_loss
chain_ladder,workers_compensation,14508,57808.77231588669,52431.0,,,,,,46534.0,77827.0,20260613_041006,paid_loss
chain_ladder,ALL,14508,68665.64481262598,64233.0,,,,,,56390.0,98091.0,20260613_041006,paid_loss
chain_ladder,commercial_auto,14974,36569.12198188274,38445.0,,,,,,30838.0,50686.0,20260613_041006,paid_loss
chain_ladder,workers_compensation,14974,30857.951702633327,30426.0,,,,,,24110.0,38753.0,20260613_041006,paid_loss
chain_ladder,ALL,14974,67427.07368451607,68871.0,,,,,,54948.0,89439.0,20260613_041006,paid_loss
chain_ladder,commercial_auto,15024,3065.527461304494,2670.0,,,,,,2136.0,5441.0,20260613_041006,paid_loss
chain_ladder,private_passenger_auto,15024,121909.65625786116,118106.0,,,,,,93271.0,141341.0,20260613_041006,paid_loss
chain_ladder,ALL,15024,124975.18371916565,120776.0,,,,,,95407.0,146782.0,20260613_041006,paid_loss
chain_ladder,workers_compensation,15148,813.1593293558254,752.0,,,,,,731.0,2241.0,20260613_041006,paid_loss
chain_ladder,other_liability,15148,380.12725667189954,349.0,,,,,,346.0,1032.0,20260613_041006,paid_loss
chain_ladder,ALL,15148,1193.286586027725,1101.0,,,,,,1077.0,3273.0,20260613_041006,paid_loss
chain_ladder,commercial_auto,15199,2021.2497928909004,2033.0,,,,,,1802.0,2580.0,20260613_041006,paid_loss
chain_ladder,private_passenger_auto,15199,111629.09926325922,106435.0,,,,,,92049.0,149084.0,20260613_041006,paid_loss
chain_ladder,workers_compensation,15199,1436.7435953314737,1349.0,,,,,,1161.0,3354.0,20260613_041006,paid_loss
chain_ladder,ALL,15199,115087.0926514816,109817.0,,,,,,95012.0,155018.0,20260613_041006,paid_loss
chain_ladder,commercial_auto,1538,91285.62192051133,90687.0,,,,,,74047.0,121671.0,20260613_041006,paid_loss
chain_ladder,private_passenger_auto,1538,316700.4523733898,311264.0,,,,,,273867.0,402879.0,20260613_041006,paid_loss
chain_ladder,workers_compensation,1538,134137.12530409233,132241.0,,,,,,115721.0,252542.0,20260613_041006,paid_loss
chain_ladder,other_liability,1538,19320.05798235992,15945.0,,,,,,14112.0,33445.0,20260613_041006,paid_loss
chain_ladder,ALL,1538,561443.2575803533,550137.0,,,,,,477747.0,810537.0,20260613_041006,paid_loss
chain_ladder,private_passenger_auto,16373,9704.77996547635,9780.0,,,,,,9073.0,16248.0,20260613_041006,paid_loss
chain_ladder,other_liability,16373,209.28125,204.0,,,,,,203.0,464.0,20260613_041006,paid_loss
chain_ladder,ALL,16373,9914.06121547635,9984.0,,,,,,9276.0,16712.0,20260613_041006,paid_loss
chain_ladder,commercial_auto,1767,2283059.418999802,2226624.0,,,,,,1872675.0,3543796.0,20260613_041006,paid_loss
chain_ladder,private_passenger_auto,1767,92385689.36338261,91360195.0,,,,,,79798868.0,117655840.0,20260613_041006,paid_loss
chain_ladder,workers_compensation,1767,1739671.9080972231,1742600.0,,,,,,1434790.0,2905415.0,20260613_041006,paid_loss
chain_ladder,other_liability,1767,2640829.4906806834,2190615.0,,,,,,1409719.0,2414413.0,20260613_041006,paid_loss
chain_ladder,ALL,1767,99049250.18116032,97520034.0,,,,,,84516052.0,126519464.0,20260613_041006,paid_loss
chain_ladder,commercial_auto,18163,32218.04349086109,32208.0,,,,,,28009.0,41961.0,20260613_041006,paid_loss
chain_ladder,private_passenger_auto,18163,133124.43837703025,130229.0,,,,,,118865.0,166481.0,20260613_041006,paid_loss
chain_ladder,other_liability,18163,6613.944625858155,7059.0,,,,,,5299.0,16737.0,20260613_041006,paid_loss
chain_ladder,ALL,18163,171956.4264937495,169496.0,,,,,,152173.0,225179.0,20260613_041006,paid_loss
chain_ladder,commercial_auto,18767,87921.96450193562,79612.0,,,,,,68327.0,123653.0,20260613_041006,paid_loss
chain_ladder,workers_compensation,18767,178660.24842683334,172944.0,,,,,,151292.0,310557.0,20260613_041006,paid_loss
chain_ladder,ALL,18767,266582.21292876895,252556.0,,,,,,219619.0,434210.0,20260613_041006,paid_loss
chain_ladder,commercial_auto,18791,10987.233855225366,11077.0,,,,,,10255.0,15736.0,20260613_041006,paid_loss
chain_ladder,private_passenger_auto,18791,92452.01017821298,93053.0,,,,,,81012.0,128601.0,20260613_041006,paid_loss
chain_ladder,workers_compensation,18791,1859.848769061187,2022.0,,,,,,1574.0,3076.0,20260613_041006,paid_loss
chain_ladder,ALL,18791,105299.09280249952,106152.0,,,,,,92841.0,147413.0,20260613_041006,paid_loss
chain_ladder,private_passenger_auto,2003,12612279.133083452,12393224.0,,,,,,10647389.0,17482366.0,20260613_041006,paid_loss
chain_ladder,other_liability,2003,284954.70199540886,272941.0,,,,,,185699.0,646894.0,20260613_041006,paid_loss
chain_ladder,ALL,2003,12897233.83507886,12666165.0,,,,,,10833088.0,18129260.0,20260613_041006,paid_loss
chain_ladder,commercial_auto,2135,539915.7988688522,525310.0,,,,,,394629.0,667326.0,20260613_041006,paid_loss
chain_ladder,workers_compensation,2135,613157.9396417604,600316.0,,,,,,464790.0,1136260.0,20260613_041006,paid_loss
chain_ladder,other_liability,2135,100146.036687051,91726.0,,,,,,59684.0,263934.0,20260613_041006,paid_loss
chain_ladder,ALL,2135,1253219.7751976636,1217352.0,,,,,,919103.0,2067520.0,20260613_041006,paid_loss
chain_ladder,commercial_auto,2143,38892.245103067806,41489.0,,,,,,30120.0,59794.0,20260613_041006,paid_loss
chain_ladder,private_passenger_auto,2143,136331.8625880193,136033.0,,,,,,122622.0,174317.0,20260613_041006,paid_loss
chain_ladder,other_liability,2143,9586.414599151281,10826.0,,,,,,8074.0,23410.0,20260613_041006,paid_loss
chain_ladder,ALL,2143,184810.5222902384,188348.0,,,,,,160816.0,257521.0,20260613_041006,paid_loss
chain_ladder,commercial_auto,2208,6256.405067835933,5528.0,,,,,,4899.0,8872.0,20260613_041006,paid_loss
chain_ladder,other_liability,2208,2156.976804028702,2555.0,,,,,,1581.0,5829.0,20260613_041006,paid_loss
chain_ladder,ALL,2208,8413.381871864634,8083.0,,,,,,6480.0,14701.0,20260613_041006,paid_loss
chain_ladder,commercial_auto,25275,1226.0762313242749,1061.0,,,,,,789.0,2475.0,20260613_041006,paid_loss
chain_ladder,private_passenger_auto,25275,97204.99451722256,101929.0,,,,,,76746.0,136467.0,20260613_041006,paid_loss
chain_ladder,ALL,25275,98431.07074854683,102990.0,,,,,,77535.0,138942.0,20260613_041006,paid_loss
chain_ladder,commercial_auto,27022,2169.8549876262573,1970.0,,,,,,1585.0,2705.0,20260613_041006,paid_loss
chain_ladder,private_passenger_auto,27022,63122.454207946575,60252.0,,,,,,50504.0,69961.0,20260613_041006,paid_loss
chain_ladder,ALL,27022,65292.30919557283,62222.0,,,,,,52089.0,72666.0,20260613_041006,paid_loss
chain_ladder,commercial_auto,27065,3677.6065799688954,3620.0,,,,,,3112.0,4435.0,20260613_041006,paid_loss
chain_ladder,private_passenger_auto,27065,43895.92073249663,43556.0,,,,,,37690.0,54838.0,20260613_041006,paid_loss
chain_ladder,other_liability,27065,21142.86780100709,20131.0,,,,,,18319.0,32915.0,20260613_041006,paid_loss
chain_ladder,ALL,27065,68716.39511347261,67307.0,,,,,,59121.0,92188.0,20260613_041006,paid_loss
chain_ladder,commercial_auto,2712,363271.8176509385,342916.0,,,,,,275000.0,462818.0,20260613_041006,paid_loss
chain_ladder,workers_compensation,2712,571867.554103313,541325.0,,,,,,443565.0,846036.0,20260613_041006,paid_loss
chain_ladder,ALL,2712,935139.3717542515,884241.0,,,,,,718565.0,1308854.0,20260613_041006,paid_loss
chain_ladder,private_passenger_auto,29440,69841.7414967659,71870.0,,,,,,55473.0,82532.0,20260613_041006,paid_loss
chain_ladder,other_liability,29440,594.4929385520795,497.0,,,,,,497.0,933.0,20260613_041006,paid_loss
chain_ladder,ALL,29440,70436.23443531798,72367.0,,,,,,55970.0,83465.0,20260613_041006,paid_loss
chain_ladder,commercial_auto,31550,13690.80270933265,13474.0,,,,,,11741.0,20966.0,20260613_041006,paid_loss
chain_ladder,private_passenger_auto,31550,33716.816890389266,33123.0,,,,,,30816.0,41106.0,20260613_041006,paid_loss
chain_ladder,ALL,31550,47407.61959972192,46597.0,,,,,,42557.0,62072.0,20260613_041006,paid_loss
chain_ladder,commercial_auto,3240,97034.42419118839,92488.0,,,,,,76986.0,160285.0,20260613_041006,paid_loss
chain_ladder,private_passenger_auto,3240,1127551.487421738,1085241.0,,,,,,949350.0,1408635.0,20260613_041006,paid_loss
chain_ladder,workers_compensation,3240,39745.26798231464,39862.0,,,,,,34558.0,93276.0,20260613_041006,paid_loss
chain_ladder,other_liability,3240,13606.434817571295,14144.0,,,,,,11024.0,43790.0,20260613_041006,paid_loss
chain_ladder,ALL,3240,1277937.614412812,1231735.0,,,,,,1071918.0,1705986.0,20260613_041006,paid_loss
chain_ladder,commercial_auto,32875,5406.557682352883,4184.0,,,,,,3893.0,5892.0,20260613_041006,paid_loss
chain_ladder,other_liability,32875,19834.792045579885,19581.0,,,,,,16843.0,45428.0,20260613_041006,paid_loss
chain_ladder,ALL,32875,25241.349727932768,23765.0,,,,,,20736.0,51320.0,20260613_041006,paid_loss
chain_ladder,commercial_auto,34606,666.8430146105605,569.0,,,,,,545.0,2468.0,20260613_041006,paid_loss
chain_ladder,private_passenger_auto,34606,11255.08535078848,11961.0,,,,,,9255.0,19193.0,20260613_041006,paid_loss
chain_ladder,other_liability,34606,472.1861841005712,499.0,,,,,,411.0,958.0,20260613_041006,paid_loss
chain_ladder,ALL,34606,12394.114549499613,13029.0,,,,,,10211.0,22619.0,20260613_041006,paid_loss
chain_ladder,commercial_auto,353,39177.437781287896,40000.0,,,,,,32601.0,52429.0,20260613_041006,paid_loss
chain_ladder,private_passenger_auto,353,129779.10862345621,125467.0,,,,,,115223.0,155061.0,20260613_041006,paid_loss
chain_ladder,workers_compensation,353,35141.68056878194,34687.0,,,,,,32835.0,53892.0,20260613_041006,paid_loss
chain_ladder,ALL,353,204098.22697352603,200154.0,,,,,,180659.0,261382.0,20260613_041006,paid_loss
chain_ladder,commercial_auto,38733,27107.69383478037,27091.0,,,,,,21461.0,50107.0,20260613_041006,paid_loss
chain_ladder,workers_compensation,38733,193279.58053466404,196739.0,,,,,,167184.0,387839.0,20260613_041006,paid_loss
chain_ladder,other_liability,38733,25731.816124178902,24111.0,,,,,,19144.0,67882.0,20260613_041006,paid_loss
chain_ladder,ALL,38733,246119.0904936233,247941.0,,,,,,207789.0,505828.0,20260613_041006,paid_loss
chain_ladder,commercial_auto,388,714600.2378236288,745997.0,,,,,,556727.0,1086150.0,20260613_041006,paid_loss
chain_ladder,private_passenger_auto,388,1151490.3089896014,921525.0,,,,,,783883.0,1270861.0,20260613_041006,paid_loss
chain_ladder,workers_compensation,388,1135451.0844990253,1233553.0,,,,,,914130.0,2372911.0,20260613_041006,paid_loss
chain_ladder,ALL,388,3001541.6313122557,2901075.0,,,,,,2254740.0,4729922.0,20260613_041006,paid_loss
chain_ladder,commercial_auto,40568,11747.75762974112,13211.0,,,,,,9126.0,16933.0,20260613_041006,paid_loss
chain_ladder,private_passenger_auto,40568,3563.4093183832856,3834.0,,,,,,2847.0,4322.0,20260613_041006,paid_loss
chain_ladder,ALL,40568,15311.166948124406,17045.0,,,,,,11973.0,21255.0,20260613_041006,paid_loss
chain_ladder,workers_compensation,41300,38278.27884225044,37653.0,,,,,,34318.0,52950.0,20260613_041006,paid_loss
chain_ladder,other_liability,41300,5329.0499426319675,5544.0,,,,,,4314.0,18842.0,20260613_041006,paid_loss
chain_ladder,ALL,41300,43607.328784882404,43197.0,,,,,,38632.0,71792.0,20260613_041006,paid_loss
chain_ladder,private_passenger_auto,42439,62415.43229512837,68454.0,,,,,,53770.0,80711.0,20260613_041006,paid_loss
chain_ladder,other_liability,42439,32511.850007046065,31327.0,,,,,,15366.0,74965.0,20260613_041006,paid_loss
chain_ladder,ALL,42439,94927.28230217443,99781.0,,,,,,69136.0,155676.0,20260613_041006,paid_loss
chain_ladder,commercial_auto,4839,152523.49612485722,154644.0,,,,,,132924.0,246195.0,20260613_041006,paid_loss
chain_ladder,private_passenger_auto,4839,3028785.510785045,3027062.0,,,,,,2732505.0,4078168.0,20260613_041006,paid_loss
chain_ladder,ALL,4839,3181309.006909902,3181706.0,,,,,,2865429.0,4324363.0,20260613_041006,paid_loss
chain_ladder,commercial_auto,5185,90187.54668580357,88577.0,,,,,,71356.0,105505.0,20260613_041006,paid_loss
chain_ladder,private_passenger_auto,5185,268456.9031958364,260587.0,,,,,,222320.0,351763.0,20260613_041006,paid_loss
chain_ladder,workers_compensation,5185,103096.58639824252,103908.0,,,,,,82289.0,200467.0,20260613_041006,paid_loss
chain_ladder,other_liability,5185,144168.440570682,141013.0,,,,,,116587.0,196774.0,20260613_041006,paid_loss
chain_ladder,ALL,5185,605909.4768505645,594085.0,,,,,,492552.0,854509.0,20260613_041006,paid_loss
chain_ladder,commercial_auto,620,398408.97814634116,388485.0,,,,,,298630.0,553119.0,20260613_041006,paid_loss
chain_ladder,private_passenger_auto,620,506186.2242272468,503945.0,,,,,,435615.0,589907.0,20260613_041006,paid_loss
chain_ladder,other_liability,620,414994.9049474319,439839.0,,,,,,281325.0,719473.0,20260613_041006,paid_loss
chain_ladder,ALL,620,1319590.1073210198,1332269.0,,,,,,1015570.0,1862499.0,20260613_041006,paid_loss
chain_ladder,commercial_auto,6408,17044.12687591465,16182.0,,,,,,13215.0,22367.0,20260613_041006,paid_loss
chain_ladder,workers_compensation,6408,34427.867684573,37291.0,,,,,,28698.0,64881.0,20260613_041006,paid_loss
chain_ladder,ALL,6408,51471.994560487656,53473.0,,,,,,41913.0,87248.0,20260613_041006,paid_loss
chain_ladder,commercial_auto,6459,8811.574620354535,8835.0,,,,,,7232.0,16769.0,20260613_041006,paid_loss
chain_ladder,other_liability,6459,10424.510817424663,9539.0,,,,,,7939.0,29730.0,20260613_041006,paid_loss
chain_ladder,ALL,6459,19236.0854377792,18374.0,,,,,,15171.0,46499.0,20260613_041006,paid_loss
chain_ladder,commercial_auto,671,58625.45224804403,52884.0,,,,,,39145.0,59467.0,20260613_041006,paid_loss
chain_ladder,workers_compensation,671,97175.17512302438,96581.0,,,,,,78853.0,165779.0,20260613_041006,paid_loss
chain_ladder,other_liability,671,6070.300097909889,6072.0,,,,,,4417.0,15626.0,20260613_041006,paid_loss
chain_ladder,ALL,671,161870.9274689783,155537.0,,,,,,122415.0,240872.0,20260613_041006,paid_loss
chain_ladder,private_passenger_auto,6807,11845.488815542349,11771.0,,,,,,11199.0,14198.0,20260613_041006,paid_loss
chain_ladder,workers_compensation,6807,180996.58486796342,190736.0,,,,,,133432.0,347129.0,20260613_041006,paid_loss
chain_ladder,ALL,6807,192842.07368350576,202507.0,,,,,,144631.0,361327.0,20260613_041006,paid_loss
chain_ladder,commercial_auto,6947,16750.29599031729,16729.0,,,,,,14745.0,32028.0,20260613_041006,paid_loss
chain_ladder,private_passenger_auto,6947,914054.8105981692,908288.0,,,,,,811132.0,1088573.0,20260613_041006,paid_loss
chain_ladder,other_liability,6947,19603.64430011547,19696.0,,,,,,17348.0,44522.0,20260613_041006,paid_loss
chain_ladder,ALL,6947,950408.7508886019,944713.0,,,,,,843225.0,1165123.0,20260613_041006,paid_loss
chain_ladder,commercial_auto,7080,341243.3491916155,333099.0,,,,,,257666.0,526707.0,20260613_041006,paid_loss
chain_ladder,private_passenger_auto,7080,1472979.659329551,1459916.0,,,,,,978867.0,1825656.0,20260613_041006,paid_loss
chain_ladder,workers_compensation,7080,1828610.2973559212,1836596.0,,,,,,1455264.0,2738156.0,20260613_041006,paid_loss
chain_ladder,ALL,7080,3642833.3058770876,3629611.0,,,,,,2691797.0,5090519.0,20260613_041006,paid_loss
chain_ladder,commercial_auto,715,113609.39666796061,107590.0,,,,,,79813.0,142808.0,20260613_041006,paid_loss
chain_ladder,private_passenger_auto,715,178911.08312866214,165178.0,,,,,,132250.0,210516.0,20260613_041006,paid_loss
chain_ladder,workers_compensation,715,234682.35040100588,237347.0,,,,,,191927.0,482874.0,20260613_041006,paid_loss
chain_ladder,other_liability,715,63611.6905087115,63524.0,,,,,,38980.0,141168.0,20260613_041006,paid_loss
chain_ladder,ALL,715,590814.5207063401,573639.0,,,,,,442970.0,977366.0,20260613_041006,paid_loss
chain_ladder,commercial_auto,833,25350.325810709568,24613.0,,,,,,21654.0,31134.0,20260613_041006,paid_loss
chain_ladder,other_liability,833,13963.581561007515,11137.0,,,,,,9187.0,20478.0,20260613_041006,paid_loss
chain_ladder,ALL,833,39313.90737171708,35750.0,,,,,,30841.0,51612.0,20260613_041006,paid_loss
chain_ladder,commercial_auto,8427,8871.188474627457,8202.0,,,,,,7186.0,12065.0,20260613_041006,paid_loss
chain_ladder,private_passenger_auto,8427,124764.93048542234,127048.0,,,,,,109681.0,157203.0,20260613_041006,paid_loss
chain_ladder,ALL,8427,133636.1189600498,135250.0,,,,,,116867.0,169268.0,20260613_041006,paid_loss
chain_ladder,private_passenger_auto,8559,149294.85995164845,145675.0,,,,,,129076.0,155743.0,20260613_041006,paid_loss
chain_ladder,workers_compensation,8559,76010.10836904499,74205.0,,,,,,64946.0,106389.0,20260613_041006,paid_loss
chain_ladder,ALL,8559,225304.96832069344,219880.0,,,,,,194022.0,262132.0,20260613_041006,paid_loss
chain_ladder,commercial_auto,8672,153418.67589857167,137950.0,,,,,,121578.0,266116.0,20260613_041006,paid_loss
chain_ladder,workers_compensation,8672,70420.47321918211,72813.0,,,,,,67452.0,121755.0,20260613_041006,paid_loss
chain_ladder,ALL,8672,223839.14911775378,210763.0,,,,,,189030.0,387871.0,20260613_041006,paid_loss
chain_ladder,commercial_auto,9466,88058.54880670703,98990.0,,,,,,58523.0,123233.0,20260613_041006,paid_loss
chain_ladder,workers_compensation,9466,158320.3894415,157815.0,,,,,,115136.0,237720.0,20260613_041006,paid_loss
chain_ladder,ALL,9466,246378.93824820704,256805.0,,,,,,173659.0,360953.0,20260613_041006,paid_loss
nn_transformer,commercial_auto,10022,6028.191663012196,5829.0,492.3090770174081,0.08166778771121698,36.9,129.0734523660243,257.2669572000159,4807.0,12090.0,20260613_041006,paid_loss
nn_transformer,private_passenger_auto,10022,64745.64179281161,63561.0,1295.3896918363346,0.020007365066850805,16.6,650.259471868974,0.2236092999810353,58117.0,74078.0,20260613_041006,paid_loss
nn_transformer,commercial_auto,1066,69709.90603068404,63022.0,2856.2366038273426,0.04097318109380495,0.6,5114.818456819561,0.21999470004811883,57753.0,96880.0,20260613_041006,paid_loss
nn_transformer,private_passenger_auto,1066,225124.78697238752,213794.0,5556.672301717181,0.024682632136810104,0.5,8241.358986012476,0.19326159998308867,192462.0,314145.0,20260613_041006,paid_loss
nn_transformer,workers_compensation,1066,126107.65097852676,122593.0,1896.283158372125,0.015037019115477923,1.7999999999999998,2492.388084838375,0.18646500003524125,112532.0,164562.0,20260613_041006,paid_loss
nn_transformer,commercial_auto,1090,22083.958911379133,21354.0,1069.5873387811503,0.0484327716363404,22.7,400.5100532346098,0.19650869991164654,17880.0,34665.0,20260613_041006,paid_loss
nn_transformer,private_passenger_auto,1090,1133160.2840665085,1083616.0,42181.111899500764,0.03722431194652162,6.7,26787.438124256834,0.2409048000117764,969159.0,1295968.0,20260613_041006,paid_loss
nn_transformer,workers_compensation,11126,142815.64418548517,143876.0,3950.4835300064306,0.027661420095375876,68.5,1120.733572125946,0.2449682999867946,119274.0,207371.0,20260613_041006,paid_loss
nn_transformer,other_liability,11126,20549.75026924598,20166.0,1817.9038780705512,0.08846355085838493,44.1,398.98973656628846,0.21822459995746613,14161.0,74255.0,20260613_041006,paid_loss
nn_transformer,workers_compensation,1252,23273.168121095747,22796.0,705.1878378697824,0.03030046593573014,24.2,263.7886480114696,0.16711370006669313,19144.0,34226.0,20260613_041006,paid_loss
nn_transformer,other_liability,1252,9714.470970631231,9723.0,638.5797082402818,0.06573489283882103,53.400000000000006,145.89202410600285,0.17521879996638745,7795.0,20554.0,20260613_041006,paid_loss
nn_transformer,commercial_auto,13439,3703.946765033871,3667.0,289.2130631801261,0.07808240277920986,46.7,61.31213687704525,0.17517229996155947,3025.0,6305.0,20260613_041006,paid_loss
nn_transformer,private_passenger_auto,13439,36262.53340838223,36223.0,1425.1882645133476,0.03930194971385837,52.6,321.20453898233666,0.23270880000200123,30429.0,55117.0,20260613_041006,paid_loss
nn_transformer,workers_compensation,13439,6159.1902112657535,5637.0,412.13080201543517,0.0669131473260248,6.9,313.06909491219426,0.19306719989981502,5076.0,11286.0,20260613_041006,paid_loss
nn_transformer,private_passenger_auto,13501,102255.63844617485,99976.0,2188.898645096742,0.021406141298007057,13.0,1285.3406524754237,0.18150609999429435,88582.0,132076.0,20260613_041006,paid_loss
nn_transformer,workers_compensation,13501,4050.278035512778,5299.0,512.6397880436493,0.12656903638437442,97.7,970.9667792504877,0.2051861999789253,3254.0,8967.0,20260613_041006,paid_loss
nn_transformer,other_liability,13501,2094.1359826315283,2509.0,323.2056004903717,0.15433840169453839,90.9,284.22967016649903,0.24809270002879202,1556.0,7339.0,20260613_041006,paid_loss
nn_transformer,commercial_auto,13528,20251.751874911817,19930.0,1031.992144192422,0.05095816651155349,38.7,248.94341122129958,0.23109120002482086,16417.0,25863.0,20260613_041006,paid_loss
nn_transformer,private_passenger_auto,13528,5108.147903760166,4739.0,215.77236030248991,0.042240820815634066,1.5,250.26516734980962,0.23356990003958344,4607.0,5963.0,20260613_041006,paid_loss
nn_transformer,workers_compensation,13528,28764.395548727454,26482.0,2118.776764240771,0.07365970060631107,10.8,1238.019967962373,0.2012080999556929,22411.0,56067.0,20260613_041006,paid_loss
nn_transformer,commercial_auto,13641,8965.763111917619,8590.0,466.91610477197014,0.05207767581449127,19.3,210.82353042995965,0.18831689993385226,7722.0,12780.0,20260613_041006,paid_loss
nn_transformer,private_passenger_auto,13641,73767.38838685089,70599.0,2161.92702005642,0.02930735474487512,4.5,2033.149551144816,0.26791639998555183,62426.0,84367.0,20260613_041006,paid_loss
nn_transformer,commercial_auto,13889,2050.586681000235,2100.0,283.0579594979872,0.1380375490198333,61.3,77.21702485321202,0.252178099937737,1575.0,6478.0,20260613_041006,paid_loss
nn_transformer,private_passenger_auto,13889,115638.05034830992,113768.0,4008.0808753165506,0.034660571180886654,35.8,1096.448649821093,0.27827779995277524,97623.0,153295.0,20260613_041006,paid_loss
nn_transformer,commercial_auto,14044,5890.794393031009,5403.0,283.6461110100964,0.048150740305188455,3.0,339.1851150717533,0.2785767000168562,5094.0,8864.0,20260613_041006,paid_loss
nn_transformer,private_passenger_auto,14044,38141.78672731765,36628.0,1520.560833291933,0.03986600953339418,14.2,814.3685643536962,0.2727500000037253,33307.0,52943.0,20260613_041006,paid_loss
nn_transformer,other_liability,14044,4882.672299298104,4787.0,423.30663949119605,0.08669568907011176,48.0,93.14978099217655,0.24246360000688583,4000.0,10897.0,20260613_041006,paid_loss
nn_transformer,commercial_auto,14176,21538.265116933304,21764.0,1373.978185155872,0.06379242607036421,60.4,323.46473485511524,0.19440439995378256,16345.0,38399.0,20260613_041006,paid_loss
nn_transformer,private_passenger_auto,14176,145133.14740702618,138457.0,5040.0477201906915,0.03472706139319,6.7,4062.1613694532466,0.17514780000783503,115825.0,188477.0,20260613_041006,paid_loss
nn_transformer,workers_compensation,14176,114950.43791673887,106986.0,4097.512359823143,0.03564590474018952,0.6,5754.9579451320815,0.2692024999996647,89511.0,190543.0,20260613_041006,paid_loss
nn_transformer,other_liability,14176,4771.215823597709,4744.0,408.21790577704047,0.08555846578099795,52.1,85.55648057242749,0.17239449999760836,3813.0,13525.0,20260613_041006,paid_loss
nn_transformer,commercial_auto,14257,6927.964413104324,6874.0,480.6694490465605,0.06938105053446417,47.4,108.00695969352512,0.20724879996851087,5706.0,11424.0,20260613_041006,paid_loss
nn_transformer,private_passenger_auto,14257,120604.52116829104,115643.0,3826.1900995669357,0.03172509672525366,8.4,2969.059504746281,0.22937630000524223,103737.0,151272.0,20260613_041006,paid_loss
nn_transformer,other_liability,14257,33579.17030522564,31440.0,1559.990040479792,0.0464570752135893,4.3,1330.942581229298,0.1896106000058353,28131.0,53121.0,20260613_041006,paid_loss
nn_transformer,commercial_auto,14311,6768.815203942126,7686.0,227.65412302281638,0.03363278744708996,100.0,791.2303080729488,0.19867680000606924,6084.0,13923.0,20260613_041006,paid_loss
nn_transformer,private_passenger_auto,14311,117384.94744103702,128523.0,3325.6334101294055,0.02833100395431779,99.4,9312.910136388897,0.2527997000142932,97434.0,140359.0,20260613_041006,paid_loss
nn_transformer,commercial_auto,14320,1847.1467080130942,1830.0,216.5123895713701,0.1172145063692663,51.4,50.12265916159106,0.22519630007445812,1478.0,6020.0,20260613_041006,paid_loss
nn_transformer,workers_compensation,14320,10674.683904841602,11391.0,321.03853666331213,0.030074758140398155,97.89999999999999,551.0493756287212,0.20561730000190437,9459.0,13697.0,20260613_041006,paid_loss
nn_transformer,commercial_auto,14508,10886.159209070156,11802.0,317.8452824112024,0.029197192169151752,99.0,743.663381530746,0.23264479998033494,9856.0,20264.0,20260613_041006,paid_loss
nn_transformer,workers_compensation,14508,55409.51763595613,52431.0,1229.1964553136988,0.022183850496400162,0.3,2315.64515071401,0.20565729995723814,46534.0,77827.0,20260613_041006,paid_loss
nn_transformer,commercial_auto,14974,36955.53888333344,38445.0,1215.7518024860306,0.03289768839047621,89.8,1025.3478660538622,0.23657029995229095,30838.0,50686.0,20260613_041006,paid_loss
nn_transformer,workers_compensation,14974,29790.048493568356,30426.0,901.8034025192776,0.030271968261950836,79.5,409.97331903608176,0.19959650002419949,24110.0,38753.0,20260613_041006,paid_loss
nn_transformer,commercial_auto,15024,2823.922538485667,2670.0,343.3848110489674,0.12159852346130856,33.900000000000006,91.87398328418826,0.24320609995629638,2136.0,5441.0,20260613_041006,paid_loss
nn_transformer,private_passenger_auto,15024,119200.26592757365,118106.0,3804.652644680527,0.03191815567754054,40.0,877.9179198727961,0.2553814999992028,93271.0,141341.0,20260613_041006,paid_loss
nn_transformer,workers_compensation,15148,823.6054372627129,752.0,66.64398510511843,0.08091736903366313,11.200000000000001,41.927274243206924,0.2308863999787718,731.0,2241.0,20260613_041006,paid_loss
nn_transformer,other_liability,15148,393.6918396785615,349.0,35.694254111290654,0.0906654660163493,5.1,27.428996947891047,0.2620765999890864,346.0,1032.0,20260613_041006,paid_loss
nn_transformer,commercial_auto,15199,2012.9622822863582,2033.0,103.24762281143404,0.05129138470203404,61.3,25.224191731186913,0.2901751999743283,1802.0,2580.0,20260613_041006,paid_loss
nn_transformer,private_passenger_auto,15199,110298.74694865303,106435.0,2974.3782067246316,0.026966563891331268,7.3,2364.1487395209588,0.2590302999597043,92049.0,149084.0,20260613_041006,paid_loss
nn_transformer,workers_compensation,15199,1377.0423413471183,1349.0,126.19101454632892,0.09163916806136849,46.1,28.585146622869956,0.21664150001015514,1161.0,3354.0,20260613_041006,paid_loss
nn_transformer,commercial_auto,1538,89589.72951781725,90687.0,2898.4279379510044,0.03235223449775654,66.9,887.554180978447,0.2958365000085905,74047.0,121671.0,20260613_041006,paid_loss
nn_transformer,private_passenger_auto,1538,317508.27021718095,311264.0,10158.217398848627,0.031993552142437855,33.1,3403.575249781251,0.24659810005687177,273867.0,402879.0,20260613_041006,paid_loss
nn_transformer,workers_compensation,1538,135772.21840500593,132241.0,8079.450782315755,0.0595073931709277,48.1,2004.2756243874137,0.21453979995567352,115721.0,252542.0,20260613_041006,paid_loss
nn_transformer,other_liability,1538,16831.63052792868,15945.0,746.1628163190613,0.044330988318746385,8.5,534.9213133329943,0.2745930999517441,14112.0,33445.0,20260613_041006,paid_loss
nn_transformer,private_passenger_auto,16373,10104.394358134388,9780.0,385.5190860907266,0.03815360648314071,19.3,166.5638394934348,0.2635820999275893,9073.0,16248.0,20260613_041006,paid_loss
nn_transformer,other_liability,16373,220.77538548825413,204.0,15.085759871384306,0.06833080525721429,8.1,9.808793727016791,0.23662610002793372,203.0,464.0,20260613_041006,paid_loss
nn_transformer,commercial_auto,1767,2360553.0945542585,2226624.0,73655.13345396808,0.031202489630031527,3.5000000000000004,93912.71693826024,0.2746193000348285,1872675.0,3543796.0,20260613_041006,paid_loss
nn_transformer,private_passenger_auto,1767,93901226.00949849,91360195.0,3037947.789015244,0.032352589184596416,27.500000000000004,1278899.0084779079,0.20133439998608083,79798868.0,117655840.0,20260613_041006,paid_loss
nn_transformer,workers_compensation,1767,1751377.8825958208,1742600.0,45063.764436718055,0.025730463359470077,54.800000000000004,8167.129962291303,0.26501879992429167,1434790.0,2905415.0,20260613_041006,paid_loss
nn_transformer,other_liability,1767,2080299.6958114402,2190615.0,147744.57993854745,0.07102081504699653,73.6,64436.34257847216,0.22806420002598315,1409719.0,2414413.0,20260613_041006,paid_loss
nn_transformer,commercial_auto,18163,33810.11929518957,32208.0,1650.4680832841457,0.04881580182767857,15.299999999999999,898.7554616950002,0.2727633999893442,28009.0,41961.0,20260613_041006,paid_loss
nn_transformer,private_passenger_auto,18163,138419.54002021966,130229.0,6142.5250271823015,0.044376141015098236,3.6999999999999997,4830.288628948833,0.21782159991562366,118865.0,166481.0,20260613_041006,paid_loss
nn_transformer,other_liability,18163,7018.942763331813,7059.0,713.8101777341134,0.101697677528186,54.900000000000006,159.6148535779435,0.2017529000295326,5299.0,16737.0,20260613_041006,paid_loss
nn_transformer,commercial_auto,18767,85490.20841392643,79612.0,3290.152770503249,0.038485726395390094,2.4,4116.524676382187,0.25714970007538795,68327.0,123653.0,20260613_041006,paid_loss
nn_transformer,workers_compensation,18767,181491.25501500093,172944.0,8514.102101148084,0.04691191374727318,10.4,4194.080437779325,0.23199309990741313,151292.0,310557.0,20260613_041006,paid_loss
nn_transformer,commercial_auto,18791,11365.23850200526,11077.0,308.02781184858384,0.027102626292816998,15.8,163.43737777797125,0.19158680003602058,10255.0,15736.0,20260613_041006,paid_loss
nn_transformer,private_passenger_auto,18791,95447.35511115387,93053.0,3661.3572321549846,0.03835996532215195,29.099999999999998,1280.8849426424213,0.186372600030154,81012.0,128601.0,20260613_041006,paid_loss
nn_transformer,workers_compensation,18791,1835.4741635070136,2022.0,129.67487076761944,0.0706492487586159,92.9,128.17734251968824,0.19029289996251464,1574.0,3076.0,20260613_041006,paid_loss
nn_transformer,private_passenger_auto,2003,12822339.78511492,12393224.0,408263.6334788121,0.031840026104498764,15.0,233454.30388193936,0.20841630001086742,10647389.0,17482366.0,20260613_041006,paid_loss
nn_transformer,other_liability,2003,298156.8011092868,272941.0,18325.81916192054,0.06146369659769515,9.2,16102.838433300472,0.22639739990700036,185699.0,646894.0,20260613_041006,paid_loss
nn_transformer,commercial_auto,2135,513560.86547553196,525310.0,14613.217627291651,0.028454694681146576,79.80000000000001,7652.163456030503,0.26341999997384846,394629.0,667326.0,20260613_041006,paid_loss
nn_transformer,workers_compensation,2135,620908.6924241974,600316.0,36041.236151316414,0.05804595199110769,33.2,8317.86746302892,0.232015399960801,464790.0,1136260.0,20260613_041006,paid_loss
nn_transformer,other_liability,2135,93271.47153307308,91726.0,8653.041085279572,0.0927726446581396,46.1,1970.467249821897,0.2411274000769481,59684.0,263934.0,20260613_041006,paid_loss
nn_transformer,commercial_auto,2143,39372.69521428279,41489.0,2228.2404707538285,0.056593546838152826,85.5,1382.3702530652552,0.30061050003860146,30120.0,59794.0,20260613_041006,paid_loss
nn_transformer,private_passenger_auto,2143,137409.2876038551,136033.0,4021.0527478589765,0.029263325776431457,43.5,1077.8771885889523,0.22767459996975958,122622.0,174317.0,20260613_041006,paid_loss
nn_transformer,other_liability,2143,9896.379853165792,10826.0,722.2759199303763,0.07298385173638264,90.5,639.0921637200895,0.18075749999843538,8074.0,23410.0,20260613_041006,paid_loss
nn_transformer,commercial_auto,2208,5842.003011163291,5528.0,401.18210479134456,0.06867201266838427,20.7,173.50325186474913,0.2159834000049159,4899.0,8872.0,20260613_041006,paid_loss
nn_transformer,other_liability,2208,2065.0936306462054,2555.0,309.6332020381252,0.14993664085886282,93.30000000000001,350.69989323149036,0.20464480004739016,1581.0,5829.0,20260613_041006,paid_loss
nn_transformer,commercial_auto,25275,1005.3728483208367,1061.0,117.81701193225084,0.11718738190416379,72.39999999999999,41.887986070556735,0.17319070000667125,789.0,2475.0,20260613_041006,paid_loss
nn_transformer,private_passenger_auto,25275,95550.48652929957,101929.0,4238.909528248145,0.04436303447757251,93.0,4426.259282045299,0.19587729999329895,76746.0,136467.0,20260613_041006,paid_loss
nn_transformer,commercial_auto,27022,1837.3404938895333,1970.0,108.39105674195895,0.058993451187973306,89.9,92.15348000433947,0.21899620001204312,1585.0,2705.0,20260613_041006,paid_loss
nn_transformer,private_passenger_auto,27022,61029.032224498216,60252.0,1712.7367855186053,0.02806429535402464,34.599999999999994,476.6557302759685,0.17566560010891408,50504.0,69961.0,20260613_041006,paid_loss
nn_transformer,commercial_auto,27065,3596.1300044830277,3620.0,175.04502566657084,0.04867594482078101,58.5,38.23605531382027,0.23968910006806254,3112.0,4435.0,20260613_041006,paid_loss
nn_transformer,private_passenger_auto,27065,44181.16873341593,43556.0,1390.726266478979,0.03147780618639721,33.900000000000006,401.10571558955803,0.23447729996405542,37690.0,54838.0,20260613_041006,paid_loss
nn_transformer,other_liability,27065,21885.700203436558,20131.0,809.2678694674291,0.036977015217468594,0.7000000000000001,1314.641032241566,0.2507663000142202,18319.0,32915.0,20260613_041006,paid_loss
nn_transformer,commercial_auto,2712,337610.900620498,342916.0,8110.463155188942,0.024023108081767063,76.6,3489.335321343202,0.2583570999559015,275000.0,462818.0,20260613_041006,paid_loss
nn_transformer,workers_compensation,2712,544123.9819015777,541325.0,14608.139479425066,0.02684707891090053,52.400000000000006,2675.383619834929,0.2158165000146255,443565.0,846036.0,20260613_041006,paid_loss
nn_transformer,private_passenger_auto,29440,65731.07861285008,71870.0,2540.65431996117,0.038652253600239654,98.4,4774.835844167841,0.28824709996115416,55473.0,82532.0,20260613_041006,paid_loss
nn_transformer,other_liability,29440,558.5141317115239,497.0,49.47523967506431,0.0885836845765231,6.9,37.76587603777267,0.25488729996141046,497.0,933.0,20260613_041006,paid_loss
nn_transformer,commercial_auto,31550,14041.470713385394,13474.0,745.6068994544845,0.053100342170262514,21.8,312.9087469185312,0.27542259998153895,11741.0,20966.0,20260613_041006,paid_loss
nn_transformer,private_passenger_auto,31550,35174.06744302548,33123.0,1287.0363318776042,0.036590489114241044,3.3000000000000003,1359.891781851385,0.17080379999242723,30816.0,41106.0,20260613_041006,paid_loss
nn_transformer,commercial_auto,3240,98267.0829087178,92488.0,3728.6664756207533,0.03794420639395986,4.0,3827.036532606097,0.17306749999988824,76986.0,160285.0,20260613_041006,paid_loss
nn_transformer,private_passenger_auto,3240,1132864.948522689,1085241.0,39150.188565181044,0.034558566417148655,7.000000000000001,26409.155070257104,0.14738039998337626,949350.0,1408635.0,20260613_041006,paid_loss
nn_transformer,workers_compensation,3240,43188.08219134432,39862.0,3668.9831456419433,0.08495360200035172,16.7,1565.7255872393018,0.15540100005455315,34558.0,93276.0,20260613_041006,paid_loss
nn_transformer,other_liability,3240,14933.97778181075,14144.0,1700.0821585103786,0.11383987463681916,36.199999999999996,481.84858542821576,0.15025819989386946,11024.0,43790.0,20260613_041006,paid_loss
nn_transformer,commercial_auto,32875,4340.018461335393,4184.0,188.63536822733815,0.043464185672909876,18.4,86.30178421413537,0.14679919998161495,3893.0,5892.0,20260613_041006,paid_loss
nn_transformer,other_liability,32875,19840.05624460431,19581.0,797.843361697089,0.04021376511541241,39.4,193.48206731763838,0.16875559999607503,16843.0,45428.0,20260613_041006,paid_loss
nn_transformer,commercial_auto,34606,699.1298023478997,569.0,101.24608489043156,0.14481729222587147,6.9,79.78572808706888,0.16615369997452945,545.0,2468.0,20260613_041006,paid_loss
nn_transformer,private_passenger_auto,34606,11345.992269752142,11961.0,732.0920783210073,0.06452428848138111,79.9,405.7403913236512,0.1548091999720782,9255.0,19193.0,20260613_041006,paid_loss
nn_transformer,other_liability,34606,458.4855934566217,499.0,32.718750844875245,0.0713626585258689,89.4,27.26869292783088,0.16566359996795654,411.0,958.0,20260613_041006,paid_loss
nn_transformer,commercial_auto,353,38592.215119903696,40000.0,1131.5075629512362,0.029319580631371123,89.5,939.1743605607197,0.17838210007175803,32601.0,52429.0,20260613_041006,paid_loss
nn_transformer,private_passenger_auto,353,131446.20263969118,125467.0,3201.1833470906104,0.02435356277172505,0.8,4201.341154661118,0.2548257999587804,115223.0,155061.0,20260613_041006,paid_loss
nn_transformer,workers_compensation,353,34604.70479324088,34687.0,424.3552826852125,0.0122629360724412,64.4,113.55924151384394,0.25970449997112155,32835.0,53892.0,20260613_041006,paid_loss
nn_transformer,commercial_auto,38733,25935.428195469693,27091.0,1265.9773279408025,0.048812663450142645,82.89999999999999,723.1856155736924,0.22303159988950938,21461.0,50107.0,20260613_041006,paid_loss
nn_transformer,workers_compensation,38733,196092.29457400588,196739.0,12134.416337866705,0.0618811481819197,61.3,3755.464615681717,0.2444418000523001,167184.0,387839.0,20260613_041006,paid_loss
nn_transformer,other_liability,38733,25736.196233144874,24111.0,1703.169623375878,0.06617798558679068,16.2,911.5516620511141,0.23247269995044917,19144.0,67882.0,20260613_041006,paid_loss
nn_transformer,commercial_auto,388,713010.9123685674,745997.0,24903.86693482311,0.03492775005657961,91.7,21582.230195798882,0.2453403000254184,556727.0,1086150.0,20260613_041006,paid_loss
nn_transformer,private_passenger_auto,388,963489.9143053198,921525.0,25662.289648472164,0.02663472576874329,2.8000000000000003,27868.279296587374,0.19688240007963032,783883.0,1270861.0,20260613_041006,paid_loss
nn_transformer,workers_compensation,388,1180175.6340489693,1233553.0,78002.75188901057,0.06609418940585753,77.10000000000001,42773.13958019922,0.16877000010572374,914130.0,2372911.0,20260613_041006,paid_loss
nn_transformer,commercial_auto,40568,12140.85869930251,13211.0,986.1514769048706,0.08122584253134622,86.8,684.3122210073756,0.19942950003314763,9126.0,16933.0,20260613_041006,paid_loss
nn_transformer,private_passenger_auto,40568,3546.298109676163,3834.0,267.83524554386986,0.07552530477149529,86.4,190.4322514411107,0.20579229993745685,2847.0,4322.0,20260613_041006,paid_loss
nn_transformer,workers_compensation,41300,38761.53512744916,37653.0,803.1807141597747,0.0207210759718079,5.4,696.9296063131314,0.24671540001872927,34318.0,52950.0,20260613_041006,paid_loss
nn_transformer,other_liability,41300,5206.7269088073745,5544.0,346.19830703835055,0.06649058287515389,84.7,223.85497065968715,0.23614420008379966,4314.0,18842.0,20260613_041006,paid_loss
nn_transformer,private_passenger_auto,42439,63830.648294762235,68454.0,2686.1521147686994,0.042082482107409794,94.6,3289.3644115208554,0.2089722000528127,53770.0,80711.0,20260613_041006,paid_loss
nn_transformer,other_liability,42439,23722.0760542042,31327.0,2206.914465093323,0.09303209634985542,99.5,6395.189033992257,0.18577260000165552,15366.0,74965.0,20260613_041006,paid_loss
nn_transformer,commercial_auto,4839,161743.8651053497,154644.0,6178.433956971944,0.038198876680408896,11.799999999999999,4120.77632377356,0.16849970002658665,132924.0,246195.0,20260613_041006,paid_loss
nn_transformer,private_passenger_auto,4839,3146103.6821655887,3027062.0,158853.94291842525,0.05049227837560641,33.5,55293.37633943169,0.24930839997250587,2732505.0,4078168.0,20260613_041006,paid_loss
nn_transformer,commercial_auto,5185,88066.54568811918,88577.0,2660.357936213107,0.030208496488945507,61.5,685.0654211516996,0.26163689990062267,71356.0,105505.0,20260613_041006,paid_loss
nn_transformer,private_passenger_auto,5185,270494.9987837799,260587.0,8510.282421136275,0.03146188454278582,11.1,5734.8125978085245,0.19116190006025136,222320.0,351763.0,20260613_041006,paid_loss
nn_transformer,workers_compensation,5185,104802.14611176013,103908.0,6529.15442328132,0.06229981603925062,56.10000000000001,1521.9208870907573,0.21862390008755028,82289.0,200467.0,20260613_041006,paid_loss
nn_transformer,other_liability,5185,146078.86152204056,141013.0,5521.282151931199,0.03779658531291429,17.299999999999997,2683.496501062374,0.21222310001030564,116587.0,196774.0,20260613_041006,paid_loss
nn_transformer,commercial_auto,620,388025.8386026367,388485.0,11892.363196017823,0.03064837959978321,54.50000000000001,2618.4239425781334,0.22969830001238734,298630.0,553119.0,20260613_041006,paid_loss
nn_transformer,private_passenger_auto,620,505605.1935776912,503945.0,11513.663698914042,0.022772043968620457,47.4,2804.6558224931914,0.2043763999827206,435615.0,589907.0,20260613_041006,paid_loss
nn_transformer,other_liability,620,399311.4465579101,439839.0,16574.35735350038,0.04150734344425232,99.0,31433.819538118263,0.24107719992753118,281325.0,719473.0,20260613_041006,paid_loss
nn_transformer,commercial_auto,6408,16547.602573915756,16182.0,803.8686864163668,0.048579163224739125,32.6,220.35813399799054,0.20273070002440363,13215.0,22367.0,20260613_041006,paid_loss
nn_transformer,workers_compensation,6408,36703.29967473853,37291.0,2206.1404473801904,0.06010741450852692,67.0,709.6217419072595,0.20793680008500814,28698.0,64881.0,20260613_041006,paid_loss
nn_transformer,commercial_auto,6459,8962.951241079454,8835.0,607.619987218365,0.06779240128335076,45.5,143.50537474774728,0.2033797000767663,7232.0,16769.0,20260613_041006,paid_loss
nn_transformer,other_liability,6459,11133.971838072672,9539.0,1188.4356765681518,0.10673959785889615,7.1,993.9518579279678,0.2458434000145644,7939.0,29730.0,20260613_041006,paid_loss
nn_transformer,commercial_auto,671,49803.84470679396,52884.0,1941.9272398925352,0.038991512629699215,93.2,2193.179750973216,0.21302319993264973,39145.0,59467.0,20260613_041006,paid_loss
nn_transformer,workers_compensation,671,100986.3484393182,96581.0,3822.1508955716417,0.037848193886011613,6.5,2507.0813577543026,0.1874122000299394,78853.0,165779.0,20260613_041006,paid_loss
nn_transformer,other_liability,671,5640.625930872613,6072.0,555.024576909792,0.09839769268725979,80.60000000000001,278.23101693397865,0.19094730005599558,4417.0,15626.0,20260613_041006,paid_loss
nn_transformer,private_passenger_auto,6807,12138.310890562068,11771.0,480.74060386490277,0.03960523076062372,21.8,189.29263709331315,0.20512940001208335,11199.0,14198.0,20260613_041006,paid_loss
nn_transformer,workers_compensation,6807,187739.52231462373,190736.0,21372.73609922559,0.11384249749718675,61.1,6916.028013500496,0.19428099994547665,133432.0,347129.0,20260613_041006,paid_loss
nn_transformer,commercial_auto,6947,18227.73282097168,16729.0,1081.4830574329683,0.059331737416552545,5.800000000000001,937.6272347982613,0.18246939999517053,14745.0,32028.0,20260613_041006,paid_loss
nn_transformer,private_passenger_auto,6947,950615.9438094933,908288.0,38076.47359767941,0.040054528693356385,9.700000000000001,21803.609925468347,0.2017356000142172,811132.0,1088573.0,20260613_041006,paid_loss
nn_transformer,other_liability,6947,22405.764940831432,19696.0,1927.4872978579397,0.08602640003356272,4.7,1699.7366894342997,0.15346709999721497,17348.0,44522.0,20260613_041006,paid_loss
nn_transformer,commercial_auto,7080,323676.35248736583,333099.0,9810.54373384323,0.03030973272669392,82.39999999999999,5974.909489442509,0.18231009994633496,257666.0,526707.0,20260613_041006,paid_loss
nn_transformer,private_passenger_auto,7080,1370795.8104800594,1459916.0,66925.83510374441,0.048822614274190594,90.9,54669.02307393684,0.15464150009211153,978867.0,1825656.0,20260613_041006,paid_loss
nn_transformer,workers_compensation,7080,1779648.9586970292,1836596.0,51962.2024984703,0.02919800685665248,85.0,42909.31093882583,0.1887671999866143,1455264.0,2738156.0,20260613_041006,paid_loss
nn_transformer,commercial_auto,715,107428.81939358733,107590.0,4411.929429356452,0.041068397235125995,54.0,954.2551011358005,0.18766389996744692,79813.0,142808.0,20260613_041006,paid_loss
nn_transformer,private_passenger_auto,715,169507.02574577904,165178.0,5808.362980865737,0.034266207877288374,22.900000000000002,2430.2913168391697,0.1768536000745371,132250.0,210516.0,20260613_041006,paid_loss
nn_transformer,workers_compensation,715,240501.1519194005,237347.0,20594.63925788583,0.0856321855156342,57.599999999999994,5862.090199695118,0.20371319993864745,191927.0,482874.0,20260613_041006,paid_loss
nn_transformer,other_liability,715,58281.334647016796,63524.0,4046.6565277567297,0.06943314788972257,89.8,3580.020468100718,0.19607409997843206,38980.0,141168.0,20260613_041006,paid_loss
nn_transformer,commercial_auto,833,25625.321905792076,24613.0,841.0699416583935,0.032821829312055864,9.0,603.6956641340723,0.21776409994345158,21654.0,31134.0,20260613_041006,paid_loss
nn_transformer,other_liability,833,11686.146535562693,11137.0,707.8720131629088,0.060573604054060794,19.8,294.9191875646983,0.23059599997941405,9187.0,20478.0,20260613_041006,paid_loss
nn_transformer,commercial_auto,8427,8667.46140893496,8202.0,553.0327405481233,0.06380561902219982,18.3,252.09293441360052,0.2780001999344677,7186.0,12065.0,20260613_041006,paid_loss
nn_transformer,private_passenger_auto,8427,129026.38851535729,127048.0,4877.017729866536,0.037798606827517706,40.400000000000006,1365.011156079604,0.20015110005624592,109681.0,157203.0,20260613_041006,paid_loss
nn_transformer,private_passenger_auto,8559,146371.33369054424,145675.0,2691.210333510649,0.018386184409580907,39.1,636.7923502300825,0.2002903000684455,129076.0,155743.0,20260613_041006,paid_loss
nn_transformer,workers_compensation,8559,72903.05878547824,74205.0,1505.0100879277447,0.020643990979258224,82.6,906.001891252134,0.2094159999396652,64946.0,106389.0,20260613_041006,paid_loss
nn_transformer,commercial_auto,8672,132898.3464090217,137950.0,2512.6458890387407,0.018906524850998235,96.89999999999999,3828.033987703975,0.23333660000935197,121578.0,266116.0,20260613_041006,paid_loss
nn_transformer,workers_compensation,8672,72126.05247841793,72813.0,1223.285787203944,0.01696038733812563,75.0,520.3056310404844,0.22286900004837662,67452.0,121755.0,20260613_041006,paid_loss
nn_transformer,commercial_auto,9466,84934.34069053247,98990.0,4783.664984183017,0.056321918146310476,99.2,11488.72693113006,0.2104966000188142,58523.0,123233.0,20260613_041006,paid_loss
nn_transformer,workers_compensation,9466,155089.2118806578,157815.0,6530.209580865393,0.04210614975521595,74.9,2388.5104767939856,0.269990999950096,115136.0,237720.0,20260613_041006,paid_loss
