model,line,company_code,estimate,se,cv,outcome,percentile,crps,seconds,mart_publish_id,loss_field
nn_transformer,commercial_auto,14176,26573.72045407353,7985.010590611105,0.3004852333120359,21764.0,20.4,2206.571905403069,703.8421132999938,20260613_041006,paid_loss
nn_transformer,commercial_auto,1538,107403.231902743,25391.032731172734,0.2364084607264436,90687.0,15.299999999999999,8176.8675037008,0.2496285999659449,20260613_041006,paid_loss
nn_transformer,commercial_auto,1767,3065775.5880788667,611769.581363139,0.19954806338140926,2226624.0,2.1999999999999997,564508.1779944738,0.2359069000231102,20260613_041006,paid_loss
nn_transformer,commercial_auto,3240,121126.98851485166,28553.86696364501,0.23573496966899293,92488.0,7.000000000000001,16454.943953939895,0.24442359991371632,20260613_041006,paid_loss
nn_transformer,commercial_auto,5185,102756.43175690918,23243.69727644442,0.2262018725156983,88577.0,18.6,6845.644540703806,0.2323605000274256,20260613_041006,paid_loss
nn_transformer,commercial_auto,715,130121.15420723685,34648.0085952325,0.2662749866178601,107590.0,20.8,10367.400285284719,0.2006732999579981,20260613_041006,paid_loss
nn_transformer,private_passenger_auto,14176,176860.5041264862,31278.85704249591,0.17685608891019589,138457.0,3.6999999999999997,24303.101230287957,0.22139540000353009,20260613_041006,paid_loss
nn_transformer,private_passenger_auto,1538,384992.5180008302,55250.542589505196,0.1435106917828103,311264.0,2.5,47268.937180080946,0.26104140002280474,20260613_041006,paid_loss
nn_transformer,private_passenger_auto,1767,124754408.01138896,16474543.108274492,0.13205579963772113,91360195.0,1.0999999999999999,24648572.676038027,0.2601449000649154,20260613_041006,paid_loss
nn_transformer,private_passenger_auto,3240,1412750.4288119639,227564.91179613225,0.1610793436371492,1085241.0,2.4,226999.39148768436,0.25746829994022846,20260613_041006,paid_loss
nn_transformer,private_passenger_auto,5185,330741.2249700648,56616.1189277302,0.17117950425700482,260587.0,4.1000000000000005,44515.86417747798,0.27823309996165335,20260613_041006,paid_loss
nn_transformer,private_passenger_auto,715,199806.14690830235,35898.07716856033,0.17966452846435774,165178.0,7.9,19390.76893777797,0.25212980003561825,20260613_041006,paid_loss
nn_transformer,workers_compensation,14176,126964.04878143437,36556.58993871917,0.28792867185300997,106986.0,14.499999999999998,11542.362099150752,0.29039280000142753,20260613_041006,paid_loss
nn_transformer,workers_compensation,1538,157922.4151080537,34747.47604938165,0.22002877821749828,132241.0,10.4,15666.921206661256,0.2806468999478966,20260613_041006,paid_loss
nn_transformer,workers_compensation,1767,2081170.3377127568,348260.91625545715,0.16733897747082158,1742600.0,7.9,208690.31310254158,0.24184129992499948,20260613_041006,paid_loss
nn_transformer,workers_compensation,3240,51663.19096849696,16913.271352227435,0.32737566215259073,39862.0,9.0,6847.237983997726,0.3289080000249669,20260613_041006,paid_loss
nn_transformer,workers_compensation,5185,123939.04443635541,32222.587683714526,0.2599873819445277,103908.0,15.4,11195.71345299923,0.2838445999659598,20260613_041006,paid_loss
nn_transformer,workers_compensation,715,298643.3198319293,78231.39316838887,0.26195594534783495,237347.0,7.199999999999999,38647.07944355836,0.2810577000491321,20260613_041006,paid_loss
nn_transformer,other_liability,14176,5125.625014182019,3371.234266632468,0.6577215963525712,4744.0,50.3,425.42195623589623,0.3322106000268832,20260613_041006,paid_loss
nn_transformer,other_liability,1538,18271.25056154277,7482.738180442745,0.4095361811846843,15945.0,35.0,1066.678663025948,0.20115480001550168,20260613_041006,paid_loss
nn_transformer,other_liability,1767,2243684.6051888675,556845.4207708758,0.2481834654848924,2190615.0,55.300000000000004,85125.32963188383,0.2209646999835968,20260613_041006,paid_loss
nn_transformer,other_liability,3240,18789.463718464798,11158.28075198017,0.5938583942134918,14144.0,29.9,2148.582982817845,0.23490889999084175,20260613_041006,paid_loss
nn_transformer,other_liability,5185,161151.525905401,46227.89951292724,0.28685983116327357,141013.0,24.0,9455.976129730287,0.18720569997094572,20260613_041006,paid_loss
nn_transformer,other_liability,715,69002.78558746033,33209.49764928611,0.48127763780193206,63524.0,48.199999999999996,4758.652986235014,0.24973539996426553,20260613_041006,paid_loss
